City_ID,City,Country,Date,Lat,Lng,Max Temp,Humidity,Cloudiness,Wind Speed,Current Description,Rain inches (last 3 hrs),Snow inches (last 3 hrs)
0,Belyy Yar,RU,2022-03-21 08:53:06,53.6039,91.3903,39.09,39,0,11.18,clear sky,0,0
1,Port Alfred,ZA,2022-03-21 08:53:07,-33.5906,26.891,78.98,66,2,12.17,clear sky,0,0
2,Alyangula,AU,2022-03-21 08:53:07,-13.8483,136.4192,85.87,79,40,8.05,scattered clouds,0,0
3,Lebu,CL,2022-03-21 08:48:10,-37.6167,-73.65,55.44,92,45,2.75,scattered clouds,0,0
4,Vossevangen,NO,2022-03-21 08:53:08,60.623,6.4229,32.2,68,2,4.36,clear sky,0,0
5,Khatanga,RU,2022-03-21 08:53:08,71.9667,102.5,4.64,93,100,7.58,overcast clouds,0,0
6,Punta Arenas,CL,2022-03-21 08:53:09,-53.15,-70.9167,42.91,87,0,4.61,clear sky,0,0
7,San Patricio,US,2022-03-21 08:53:09,28.017,-97.5169,70.9,92,100,17.52,overcast clouds,0,0
8,Malakal,SS,2022-03-21 08:53:10,9.5334,31.6605,98.62,6,60,9.17,broken clouds,0,0
9,Klaksvik,FO,2022-03-21 08:53:10,62.2266,-6.589,45.52,90,84,18.05,broken clouds,0,0
10,Norman Wells,CA,2022-03-21 08:53:10,65.282,-126.8329,-2.16,71,100,16.11,light snow,0,0
11,Yar-Sale,RU,2022-03-21 08:53:11,66.8333,70.8333,10.62,92,68,15.86,broken clouds,0,0
12,Husavik,IS,2022-03-21 08:53:11,66.0449,-17.3389,27.37,78,100,7.87,overcast clouds,0,0
13,Rikitea,PF,2022-03-21 08:52:57,-23.1203,-134.9692,80.08,68,6,14.12,light rain,0,0
14,Mar Del Plata,AR,2022-03-21 08:48:39,-38.0023,-57.5575,63.09,78,100,28.99,light rain,0,0
15,Musoma,TZ,2022-03-21 08:53:12,-1.5,33.8,82.98,48,0,7.2,clear sky,0,0
16,Victoria,HK,2022-03-21 08:53:11,22.2855,114.1577,84.18,86,58,10.0,broken clouds,0,0
17,Cape Town,ZA,2022-03-21 08:53:13,-33.9258,18.4232,82.11,52,0,5.75,clear sky,0,0
18,Ushuaia,AR,2022-03-21 08:48:32,-54.8,-68.3,46.06,81,0,4.61,clear sky,0,0
19,Birao,CF,2022-03-21 08:53:14,10.2849,22.7882,97.59,5,90,8.93,overcast clouds,0,0
20,Arraial Do Cabo,BR,2022-03-21 08:53:14,-22.9661,-42.0278,74.93,81,99,23.98,overcast clouds,0,0
21,Haines Junction,CA,2022-03-21 08:53:14,60.7522,-137.5108,28.35,59,100,2.3,overcast clouds,0,0
22,Benjamin Aceval,PY,2022-03-21 08:53:15,-24.9667,-57.5667,71.74,63,0,5.17,clear sky,0,0
23,Morristown,US,2022-03-21 08:53:15,36.214,-83.2949,43.9,75,0,0.0,clear sky,0,0
24,Aki,JP,2022-03-21 08:53:16,33.5,133.9,55.35,73,96,2.42,overcast clouds,0,0
25,Atuona,PF,2022-03-21 08:53:16,-9.8,-139.0333,78.1,82,71,17.18,light rain,0,0
26,Batagay,RU,2022-03-21 08:53:17,67.6333,134.6333,-6.52,100,80,2.28,broken clouds,0,0
27,Marawi,PH,2022-03-21 08:53:17,7.9986,124.2928,70.74,98,100,3.58,overcast clouds,0,0
28,Cayenne,GF,2022-03-21 08:53:18,4.9333,-52.3333,79.09,1,100,6.91,overcast clouds,0,0
29,Flinders,AU,2022-03-21 08:53:19,-34.5833,150.8552,69.08,79,2,1.1,clear sky,0,0
30,Busselton,AU,2022-03-21 08:53:19,-33.65,115.3333,74.05,47,0,19.46,clear sky,0,0
31,Bathsheba,BB,2022-03-21 08:53:19,13.2167,-59.5167,75.81,73,40,14.97,scattered clouds,0,0
32,Agadez,NE,2022-03-21 08:53:20,19.75,10.25,81.66,11,75,15.37,broken clouds,0,0
33,Pingxiang,CN,2022-03-21 08:53:20,27.6167,113.85,48.33,94,100,3.67,overcast clouds,0,0
34,Homer,US,2022-03-21 08:53:21,59.6425,-151.5483,35.8,67,10,8.01,clear sky,0,0
35,Bubaque,GW,2022-03-21 08:53:21,11.2833,-15.8333,74.97,64,74,8.37,broken clouds,0,0
36,Farafangana,MG,2022-03-21 08:53:22,-22.8167,47.8333,77.94,65,86,8.39,overcast clouds,0,0
37,Mataura,NZ,2022-03-21 08:53:22,-46.1927,168.8643,57.36,87,54,6.98,broken clouds,0,0
38,Albany,US,2022-03-21 08:50:35,42.6001,-73.9662,38.68,81,21,5.99,few clouds,0,0
39,Te Anau,NZ,2022-03-21 08:53:23,-45.4167,167.7167,55.49,80,100,3.15,overcast clouds,0,0
40,Puerto Ayora,EC,2022-03-21 08:53:24,-0.7393,-90.3518,74.55,100,27,3.87,scattered clouds,0,0
41,Glens Falls,US,2022-03-21 08:53:24,43.3095,-73.644,38.52,90,38,1.01,scattered clouds,0,0
42,Itaituba,BR,2022-03-21 08:53:24,-4.2761,-55.9836,72.79,100,100,2.08,overcast clouds,0,0
43,Kantang,TH,2022-03-21 08:53:25,7.4054,99.5156,91.49,49,20,5.75,few clouds,0,0
44,Pandan,PH,2022-03-21 08:53:25,14.0453,124.1694,81.57,86,51,11.74,broken clouds,0,0
45,Kroya,ID,2022-03-21 08:53:26,-7.6331,109.2461,83.82,77,100,11.39,light rain,0,0
46,Noyabrsk,RU,2022-03-21 08:53:26,63.1994,75.4507,29.97,93,100,6.78,light snow,0,0
47,Qasigiannguit,GL,2022-03-21 08:53:27,68.8193,-51.1922,-24.34,76,0,6.76,clear sky,0,0
48,Coruripe,BR,2022-03-21 08:50:06,-10.1256,-36.1756,78.24,78,92,3.51,overcast clouds,0,0
49,Saint-Philippe,RE,2022-03-21 08:53:28,-21.3585,55.7679,84.11,88,99,11.95,light rain,0,0
50,Manokwari,ID,2022-03-21 08:49:18,-0.8667,134.0833,80.01,79,71,6.73,light rain,0,0
51,Qaanaaq,GL,2022-03-21 08:53:28,77.484,-69.3632,-6.21,94,100,10.16,overcast clouds,0,0
52,Bluff,NZ,2022-03-21 08:53:29,-46.6,168.3333,58.68,87,17,14.18,few clouds,0,0
53,Baruun-Urt,MN,2022-03-21 08:53:29,46.6806,113.2792,30.0,25,17,11.23,few clouds,0,0
54,Kandrian,PG,2022-03-21 08:53:30,-6.2167,149.55,82.2,78,100,5.59,overcast clouds,0,0
55,Idlib,SY,2022-03-21 08:53:30,35.9306,36.6339,43.72,40,100,12.44,overcast clouds,0,0
56,Rawson,AR,2022-03-21 08:53:31,-43.3002,-65.1023,62.11,53,90,24.47,overcast clouds,0,0
57,Sao Filipe,CV,2022-03-21 08:53:31,14.8961,-24.4956,69.37,73,19,11.9,few clouds,0,0
58,Yellowknife,CA,2022-03-21 08:53:31,62.456,-114.3525,27.28,88,75,8.05,broken clouds,0,0
59,Hermanus,ZA,2022-03-21 08:53:32,-34.4187,19.2345,79.81,66,3,10.51,clear sky,0,0
60,Tuktoyaktuk,CA,2022-03-21 08:53:32,69.4541,-133.0374,-23.37,100,98,5.37,overcast clouds,0,0
61,Treinta Y Tres,UY,2022-03-21 08:53:33,-33.2333,-54.3833,52.41,77,0,7.56,clear sky,0,0
62,Hamilton,US,2022-03-21 08:50:05,39.1834,-84.5333,48.72,73,0,5.75,clear sky,0,0
63,Port Shepstone,ZA,2022-03-21 08:53:33,-30.7414,30.455,76.68,63,7,16.08,clear sky,0,0
64,Guerrero Negro,MX,2022-03-21 08:53:33,27.9769,-114.0611,58.48,73,61,19.35,broken clouds,0,0
65,Santa Maria,BR,2022-03-21 08:53:34,-29.6842,-53.8069,54.37,78,0,9.6,clear sky,0,0
66,Whitehorse,CA,2022-03-21 08:53:34,60.7161,-135.0538,24.82,65,75,2.3,broken clouds,0,0
67,Volos,GR,2022-03-21 08:53:35,39.3667,22.9458,45.05,46,89,20.42,overcast clouds,0,0
68,Carnarvon,AU,2022-03-21 08:53:35,-24.8667,113.6333,86.07,58,64,19.57,broken clouds,0,0
69,Vaini,TO,2022-03-21 08:53:36,-21.2,-175.2,77.16,88,100,1.14,overcast clouds,0,0
70,Castro,BR,2022-03-21 08:53:36,-24.7911,-50.0119,57.72,88,100,7.4,overcast clouds,0,0
71,Thatta,PK,2022-03-21 08:53:37,24.7475,67.9235,94.17,11,0,17.34,clear sky,0,0
72,Hilo,US,2022-03-21 08:53:37,19.7297,-155.09,72.25,91,79,5.01,broken clouds,0,0
73,Leningradskiy,RU,2022-03-21 08:53:37,69.3833,178.4167,-8.36,90,15,4.74,few clouds,0,0
74,Polovinnoye,RU,2022-03-21 08:53:38,54.7914,65.9864,30.04,83,97,6.82,overcast clouds,0,0
75,Talnakh,RU,2022-03-21 08:53:38,69.4865,88.3972,6.21,92,41,6.6,scattered clouds,0,0
76,Katherine,AU,2022-03-21 08:53:39,-14.4667,132.2667,97.12,32,100,8.05,overcast clouds,0,0
77,Cockburn Town,TC,2022-03-21 08:53:39,21.4612,-71.1419,77.67,69,55,13.31,broken clouds,0,0
78,Kodiak,US,2022-03-21 08:53:39,57.79,-152.4072,35.11,80,75,13.8,broken clouds,0,0
79,Bairiki,KI,2022-03-21 08:53:40,1.3292,172.9752,82.4,78,40,12.66,scattered clouds,0,0
80,Airai,TL,2022-03-21 08:53:40,-8.9266,125.4092,66.31,90,100,1.45,overcast clouds,0,0
81,Tolmachevo,RU,2022-03-21 08:53:41,54.9824,82.7363,24.78,68,75,13.42,broken clouds,0,0
82,Georgetown,MY,2022-03-21 08:50:04,5.4112,100.3354,87.73,65,20,3.44,few clouds,0,0
83,Kapaa,US,2022-03-21 08:53:41,22.0752,-159.319,75.07,69,86,1.45,overcast clouds,0,0
84,Baduria,IN,2022-03-21 08:53:42,22.7417,88.7858,93.13,20,7,4.99,clear sky,0,0
85,Thompson,CA,2022-03-21 08:50:31,55.7435,-97.8558,12.36,73,0,3.44,clear sky,0,0
86,Yarmouth,US,2022-03-21 08:53:42,41.7057,-70.2286,44.71,84,100,18.01,overcast clouds,0,0
87,Bengkulu,ID,2022-03-21 08:53:43,-3.8004,102.2655,84.52,63,86,7.74,overcast clouds,0,0
88,Metlaltoyuca,MX,2022-03-21 08:53:43,20.7333,-97.85,62.71,90,41,3.51,scattered clouds,0,0
89,Vokhtoga,RU,2022-03-21 08:53:43,58.8147,41.0461,39.07,81,20,9.73,few clouds,0,0
90,Tasiilaq,GL,2022-03-21 08:53:44,65.6145,-37.6368,-7.02,60,3,6.82,clear sky,0,0
91,Olafsvik,IS,2022-03-21 08:53:44,64.8945,-23.7142,33.89,70,100,9.91,overcast clouds,0,0
92,Hobart,AU,2022-03-21 08:53:45,-42.8794,147.3294,67.26,76,75,10.36,broken clouds,0,0
93,Khor,RU,2022-03-21 08:53:45,47.8861,134.9464,19.49,87,35,8.77,scattered clouds,0,0
94,Ponta Delgada,PT,2022-03-21 08:53:46,37.7333,-25.6667,59.72,58,40,25.32,scattered clouds,0,0
95,Lagoa,PT,2022-03-21 08:53:46,39.05,-27.9833,54.25,66,100,30.18,light rain,0,0
96,Cherskiy,RU,2022-03-21 08:53:46,68.75,161.3,10.98,77,100,7.83,overcast clouds,0,0
97,Bredasdorp,ZA,2022-03-21 08:53:47,-34.5322,20.0403,76.95,59,17,10.94,few clouds,0,0
98,Vardo,NO,2022-03-21 08:53:47,70.3705,31.1107,39.18,65,0,24.16,clear sky,0,0
99,Gornopravdinsk,RU,2022-03-21 08:53:48,60.05,69.9,28.81,84,99,4.54,overcast clouds,0,0
100,Henties Bay,NA,2022-03-21 08:53:48,-22.116,14.2845,72.54,73,22,5.93,few clouds,0,0
101,Dingle,PH,2022-03-21 08:53:48,10.9995,122.6711,84.83,68,99,9.93,overcast clouds,0,0
102,Monastyrshchina,RU,2022-03-21 08:53:49,54.3496,31.838,34.83,99,53,6.69,broken clouds,0,0
103,Port Hardy,CA,2022-03-21 08:53:49,50.6996,-127.4199,44.6,87,100,20.71,overcast clouds,0,0
104,Conceicao Do Araguaia,BR,2022-03-21 08:53:50,-8.2578,-49.2647,71.69,96,99,1.52,overcast clouds,0,0
105,Arman,RU,2022-03-21 08:53:50,59.7,150.1667,28.02,88,100,10.87,overcast clouds,0,0
106,Obera,AR,2022-03-21 08:53:50,-27.4871,-55.1199,54.48,88,0,4.56,clear sky,0,0
107,Katsuura,JP,2022-03-21 08:53:51,35.1333,140.3,50.07,72,98,9.69,overcast clouds,0,0
108,Veshenskaya,RU,2022-03-21 08:53:51,49.6303,41.7334,33.82,100,77,11.45,broken clouds,0,0
109,Narsaq,GL,2022-03-21 08:53:52,60.9167,-46.05,0.9,64,0,7.0,clear sky,0,0
110,Puerto Leguizamo,CO,2022-03-21 08:53:52,-0.1934,-74.7819,71.69,99,100,1.36,overcast clouds,0,0
111,Zabol,AF,2022-03-21 08:53:52,32.25,67.25,65.61,14,0,4.68,clear sky,0,0
112,Chuy,UY,2022-03-21 08:53:53,-33.6971,-53.4616,64.49,48,100,11.1,overcast clouds,0,0
113,Jamestown,US,2022-03-21 08:50:07,42.097,-79.2353,37.71,61,0,9.22,clear sky,0,0
114,Ostrovnoy,RU,2022-03-21 08:53:53,68.0531,39.5131,36.25,83,79,19.73,broken clouds,0,0
115,Russell,US,2022-03-21 08:53:54,32.3502,-85.1999,48.96,100,0,0.0,clear sky,0,0
116,Mackay,AU,2022-03-21 08:53:54,-21.15,149.2,78.78,73,40,10.36,scattered clouds,0,0
117,Amahai,ID,2022-03-21 08:53:55,-3.3333,128.9167,78.17,91,100,8.5,moderate rain,0,0
118,Provideniya,RU,2022-03-21 08:53:55,64.3833,-173.3,4.01,91,33,2.46,scattered clouds,0,0
119,Alto Araguaia,BR,2022-03-21 08:53:55,-17.3147,-53.2153,67.23,94,99,5.68,overcast clouds,0,0
120,San Carlos De Bariloche,AR,2022-03-21 08:53:56,-41.1456,-71.3082,49.75,66,75,10.36,light rain,0,0
121,Tautira,PF,2022-03-21 08:53:56,-17.7333,-149.15,81.84,76,19,19.06,light rain,0,0
122,Upernavik,GL,2022-03-21 08:53:57,72.7868,-56.1549,-19.17,80,38,4.74,scattered clouds,0,0
123,Ternate,ID,2022-03-21 08:53:57,0.8,127.4,81.88,77,90,6.53,overcast clouds,0,0
124,Ixtapa,MX,2022-03-21 08:53:57,20.7,-105.2,65.23,83,63,3.31,broken clouds,0,0
125,Ust-Kut,RU,2022-03-21 08:53:58,56.7938,105.7672,29.3,80,100,12.08,overcast clouds,0,0
126,Bensonville,LR,2022-03-21 08:53:59,6.4461,-10.6125,78.35,76,84,3.22,broken clouds,0,0
127,Igurubi,TZ,2022-03-21 08:53:59,-4.0,33.7,81.88,52,7,6.55,clear sky,0,0
128,Taksimo,RU,2022-03-21 08:54:00,56.3444,114.8794,23.23,77,100,1.34,overcast clouds,0,0
129,Roald,NO,2022-03-21 08:54:00,62.5833,6.1333,47.34,75,0,5.75,clear sky,0,0
130,Port Elizabeth,ZA,2022-03-21 08:54:00,-33.918,25.5701,82.09,69,40,8.05,scattered clouds,0,0
131,Merrill,US,2022-03-21 08:54:01,45.1805,-89.6835,41.72,84,0,0.0,clear sky,0,0
132,Challakere,IN,2022-03-21 08:54:01,14.3167,76.65,94.01,27,58,6.11,broken clouds,0,0
133,Hackettstown,US,2022-03-21 08:54:02,40.854,-74.8291,44.38,62,14,1.01,few clouds,0,0
134,Kaitangata,NZ,2022-03-21 08:54:02,-46.2817,169.8464,58.91,88,67,12.39,broken clouds,0,0
135,Hualmay,PE,2022-03-21 08:54:02,-11.0964,-77.6139,68.54,88,96,8.05,overcast clouds,0,0
136,Severo-Kurilsk,RU,2022-03-21 08:53:58,50.6789,156.125,28.83,90,100,39.35,light snow,0,0
137,Filadelfia,US,2022-03-21 08:54:03,39.9523,-75.1638,46.98,55,4,5.01,clear sky,0,0
138,Faanui,PF,2022-03-21 08:54:03,-16.4833,-151.75,81.5,72,36,17.13,scattered clouds,0,0
139,Mae Hong Son,TH,2022-03-21 08:54:04,19.3003,97.9685,95.14,38,75,5.75,broken clouds,0,0
140,Wagar,SD,2022-03-21 08:54:04,16.1525,36.2032,90.66,25,0,3.96,clear sky,0,0
141,Bestobe,KZ,2022-03-21 08:54:05,52.4994,73.0975,17.28,77,100,25.21,overcast clouds,0,0
142,Torbay,CA,2022-03-21 08:54:05,47.6666,-52.7314,32.76,96,100,21.85,mist,0,0
143,Sungaipenuh,ID,2022-03-21 08:54:06,-2.0833,101.3833,78.48,51,79,6.35,broken clouds,0,0
144,Nabire,ID,2022-03-21 08:54:06,-3.3667,135.4833,79.68,82,89,1.12,light rain,0,0
145,Longyearbyen,SJ,2022-03-21 08:54:07,78.2186,15.6401,28.24,80,75,5.75,light snow,0,0
146,Porto Velho,BR,2022-03-21 08:54:07,-8.7619,-63.9039,73.45,94,75,1.14,broken clouds,0,0
147,Sembakung,ID,2022-03-21 08:54:08,3.8167,117.25,75.38,97,100,1.45,overcast clouds,0,0
148,Caconda,AO,2022-03-21 08:54:08,-13.7333,15.0667,63.55,91,100,3.36,light rain,0,0
149,Neuquen,AR,2022-03-21 08:54:08,-38.9516,-68.0591,58.89,67,0,4.61,clear sky,0,0
150,Lagoa Santa,BR,2022-03-21 08:54:09,-19.6272,-43.8897,70.77,78,40,11.5,scattered clouds,0,0
151,Hofn,IS,2022-03-21 08:54:09,64.2539,-15.2082,33.82,86,75,3.44,broken clouds,0,0
152,La Tuque,CA,2022-03-21 08:54:10,47.4334,-72.7824,34.05,75,89,6.91,overcast clouds,0,0
153,Wanaraja,ID,2022-03-21 08:54:10,-7.1749,107.9808,78.93,84,100,1.74,moderate rain,0,0
154,Ancud,CL,2022-03-21 08:54:11,-41.8697,-73.8203,56.23,95,78,6.31,light rain,0,0
155,Tagusao,PH,2022-03-21 08:54:11,9.1924,117.8141,77.07,90,100,2.8,moderate rain,0,0
156,Pacific Grove,US,2022-03-21 08:54:11,36.6177,-121.9166,50.67,84,67,3.0,broken clouds,0,0
157,Vestmanna,FO,2022-03-21 08:54:12,62.1564,-7.1664,43.72,87,100,13.8,overcast clouds,0,0
158,Cradock,ZA,2022-03-21 08:54:12,-32.1642,25.6192,75.36,48,2,1.39,clear sky,0,0
159,Komsomolskiy,UZ,2022-03-21 08:54:13,40.4272,71.7189,50.72,57,75,6.91,broken clouds,0,0
160,Cabo San Lucas,MX,2022-03-21 08:54:13,22.8909,-109.9124,68.61,63,98,17.58,overcast clouds,0,0
161,Mahebourg,MU,2022-03-21 08:54:13,-20.4081,57.7,86.25,100,75,0.0,thunderstorm with rain,0,0
162,Esperance,AU,2022-03-21 08:54:14,-33.8667,121.9,66.04,85,100,18.19,overcast clouds,0,0
163,Coquimbo,CL,2022-03-21 08:54:14,-29.9533,-71.3436,55.13,94,75,3.44,broken clouds,0,0
164,Ibipeba,BR,2022-03-21 08:54:15,-11.6408,-42.0111,63.27,95,0,5.68,clear sky,0,0
165,Poum,NC,2022-03-21 08:54:15,-20.2333,164.0167,80.65,75,33,19.44,scattered clouds,0,0
166,Anadyr,RU,2022-03-21 08:54:16,64.75,177.4833,21.7,63,0,2.24,clear sky,0,0
167,Miass,RU,2022-03-21 08:54:16,55.045,60.1083,28.99,71,75,12.12,light snow,0,0
168,Neiafu,TO,2022-03-21 08:54:16,-18.65,-173.9833,82.0,78,100,15.61,overcast clouds,0,0
169,Marzuq,YE,2022-03-21 08:54:17,14.4,46.4667,88.12,18,2,6.6,clear sky,0,0
170,Narrabri,AU,2022-03-21 08:54:17,-30.3167,149.7833,82.49,30,57,8.05,broken clouds,0,0
171,Yazykovo,RU,2022-03-21 08:54:18,55.2199,56.1353,28.69,81,99,17.09,overcast clouds,0,0
172,Dikson,RU,2022-03-21 08:54:18,73.5069,80.5464,-3.33,96,49,6.17,scattered clouds,0,0
173,Saint-Augustin,CA,2022-03-21 08:54:19,51.226,-58.6502,25.11,96,100,21.09,snow,0,0
174,Butaritari,KI,2022-03-21 08:54:19,3.0707,172.7902,81.54,78,67,17.38,broken clouds,0,0
175,Khash,IR,2022-03-21 08:54:20,28.2211,61.2158,77.14,6,0,1.48,clear sky,0,0
176,Ocala,US,2022-03-21 08:52:02,29.1872,-82.1401,50.99,56,0,6.42,clear sky,0,0
177,Chuguyevka,RU,2022-03-21 08:54:20,44.1653,133.8633,25.02,80,9,2.89,clear sky,0,0
178,Rocha,UY,2022-03-21 08:51:26,-34.4833,-54.3333,52.86,73,0,5.03,clear sky,0,0
179,Pekan,MY,2022-03-21 08:54:21,3.4836,103.3996,93.31,66,87,6.85,overcast clouds,0,0
180,Utica,US,2022-03-21 08:54:05,43.1009,-75.2327,38.62,90,92,1.01,overcast clouds,0,0
181,Bhag,PK,2022-03-21 08:54:22,29.0415,67.8239,98.56,5,0,0.94,clear sky,0,0
182,East London,ZA,2022-03-21 08:54:22,-33.0153,27.9116,79.74,65,0,9.22,clear sky,0,0
183,Touros,BR,2022-03-21 08:54:23,-5.1989,-35.4608,77.85,84,72,6.69,broken clouds,0,0
184,Avarua,CK,2022-03-21 08:54:23,-21.2078,-159.775,80.65,83,75,3.44,broken clouds,0,0
185,Fort Nelson,CA,2022-03-21 08:54:23,58.8053,-122.7002,11.79,92,20,6.91,few clouds,0,0
186,Moron,AR,2022-03-21 08:54:24,-34.6534,-58.6198,60.98,77,58,11.99,broken clouds,0,0
187,Rtishchevo,RU,2022-03-21 08:54:24,52.2604,43.7874,33.3,100,69,12.68,broken clouds,0,0
188,Kiama,AU,2022-03-21 08:54:25,-34.6833,150.8667,70.0,81,1,1.7,clear sky,0,0
189,Lavrentiya,RU,2022-03-21 08:54:25,65.5833,-171.0,-8.07,86,34,4.34,scattered clouds,0,0
190,Port Blair,IN,2022-03-21 08:54:25,11.6667,92.75,78.84,89,100,5.75,drizzle,0,0
191,Kruisfontein,ZA,2022-03-21 08:54:26,-34.0033,24.7314,79.88,45,0,5.75,clear sky,0,0
192,Lorengau,PG,2022-03-21 08:54:26,-2.0226,147.2712,82.67,74,99,0.76,overcast clouds,0,0
193,Ondangwa,NA,2022-03-21 08:54:27,-17.9167,15.95,80.6,100,75,5.75,broken clouds,0,0
194,Milos,GR,2022-03-21 08:54:27,36.75,24.4333,45.45,65,100,28.57,overcast clouds,0,0
195,Bereda,ES,2022-03-21 08:54:28,43.2686,-7.5406,49.14,96,62,3.69,broken clouds,0,0
196,Verkhnyaya Inta,RU,2022-03-21 08:54:28,65.9811,60.3094,18.52,83,95,10.04,overcast clouds,0,0
197,Ust-Kuyga,RU,2022-03-21 08:54:28,70.0167,135.6,-8.27,98,5,0.85,clear sky,0,0
198,Tenamaxtlan,MX,2022-03-21 08:54:29,20.2167,-104.1667,55.13,29,25,1.32,scattered clouds,0,0
199,Nikolskoye,RU,2022-03-21 08:54:29,59.7035,30.7861,46.29,82,11,7.38,few clouds,0,0
200,College,US,2022-03-21 08:54:30,64.8569,-147.8028,1.72,63,0,4.61,clear sky,0,0
201,Adelaide,AU,2022-03-21 08:54:27,-34.9333,138.6,78.28,43,0,8.05,clear sky,0,0
202,Puerto Escondido,MX,2022-03-21 08:54:31,15.85,-97.0667,78.06,68,0,5.99,clear sky,0,0
203,Constitucion,CL,2022-03-21 08:54:31,-35.3333,-72.4167,58.87,89,68,4.03,broken clouds,0,0
204,Poya,NC,2022-03-21 08:54:31,-21.35,165.15,76.96,82,87,6.15,overcast clouds,0,0
205,New Norfolk,AU,2022-03-21 08:54:32,-42.7826,147.0587,66.9,54,100,3.04,overcast clouds,0,0
206,Itarema,BR,2022-03-21 08:54:32,-2.9248,-39.9167,75.02,91,93,7.38,overcast clouds,0,0
207,Hithadhoo,MV,2022-03-21 08:54:33,-0.6,73.0833,84.33,70,50,16.96,scattered clouds,0,0
208,Aizawl,IN,2022-03-21 08:54:33,23.7333,92.7167,91.2,16,8,3.44,haze,0,0
209,Vao,NC,2022-03-21 08:54:33,-22.6667,167.4833,78.82,69,99,12.91,overcast clouds,0,0
210,Odweyne,SO,2022-03-21 08:54:34,9.4092,45.064,85.46,27,10,10.02,clear sky,0,0
211,Hovd,MN,2022-03-21 08:54:34,48.0056,91.6419,34.34,15,0,3.67,clear sky,0,0
212,Sistranda,NO,2022-03-21 08:54:35,63.7256,8.834,40.96,67,0,6.42,clear sky,0,0
213,Majene,ID,2022-03-21 08:54:35,-3.5403,118.9707,83.41,77,85,6.31,overcast clouds,0,0
214,Vila Franca Do Campo,PT,2022-03-21 08:54:36,37.7167,-25.4333,59.41,70,95,16.96,overcast clouds,0,0
215,Pec,XK,2022-03-21 08:54:36,42.6591,20.2883,38.68,49,0,6.02,clear sky,0,0
216,Port Lincoln,AU,2022-03-21 08:54:36,-34.7333,135.8667,66.81,75,100,7.36,overcast clouds,0,0
217,Uyuni,BO,2022-03-21 08:54:37,-20.4597,-66.825,49.19,74,98,9.6,overcast clouds,0,0
218,Paka,MY,2022-03-21 08:54:37,4.6374,103.4368,85.98,79,40,6.91,scattered clouds,0,0
219,Liverpool,GB,2022-03-21 08:54:38,53.4106,-2.9779,44.82,80,20,9.22,haze,0,0
220,Ryomgard,DK,2022-03-21 08:54:38,56.3843,10.503,43.61,61,0,10.36,clear sky,0,0
221,Maceio,BR,2022-03-21 08:54:38,-9.6658,-35.7353,76.44,94,40,3.44,scattered clouds,0,0
222,Fairbanks,US,2022-03-21 08:52:37,64.8378,-147.7164,4.96,61,0,9.22,clear sky,0,0
223,Port-Gentil,GA,2022-03-21 08:54:39,-0.7193,8.7815,82.36,83,40,10.36,scattered clouds,0,0
224,Barrow,US,2022-03-21 08:54:40,71.2906,-156.7887,-16.35,90,30,8.88,scattered clouds,0,0
225,Carnaiba,BR,2022-03-21 08:54:40,-8.7,-37.6667,72.01,91,49,2.84,scattered clouds,0,0
226,Ha Tinh,VN,2022-03-21 08:54:40,18.3333,105.9,82.81,73,60,6.73,broken clouds,0,0
227,Tatawin,TN,2022-03-21 08:54:41,32.9297,10.4518,56.97,55,26,18.61,scattered clouds,0,0
228,Uray,RU,2022-03-21 08:54:41,60.1247,64.7758,29.19,94,100,13.09,light snow,0,0
229,Dudinka,RU,2022-03-21 08:54:42,69.4058,86.1778,6.62,93,17,8.99,few clouds,0,0
230,Manaure,CO,2022-03-21 08:51:49,11.7751,-72.4445,76.55,77,91,13.13,overcast clouds,0,0
231,Rio Grande,BR,2022-03-21 08:50:17,-32.035,-52.0986,61.95,57,42,17.67,scattered clouds,0,0
232,Ilulissat,GL,2022-03-21 08:54:43,69.2167,-51.1,-24.39,73,0,6.53,clear sky,0,0
233,Little Current,CA,2022-03-21 08:54:43,45.9793,-81.9248,33.85,96,32,5.26,scattered clouds,0,0
234,Clermont,FR,2022-03-21 08:54:43,49.5,2.4167,48.7,73,10,8.12,clear sky,0,0
235,Diffa,NE,2022-03-21 08:54:44,13.3154,12.6113,94.14,5,97,5.12,overcast clouds,0,0
236,Bijar,IR,2022-03-21 08:54:44,35.8668,47.6051,53.46,26,38,14.81,scattered clouds,0,0
237,Walvis Bay,NA,2022-03-21 08:54:45,-22.9575,14.5053,74.35,68,0,6.91,clear sky,0,0
238,Bloemfontein,ZA,2022-03-21 08:54:45,-29.1211,26.214,67.48,68,20,10.36,few clouds,0,0
239,Ingham,US,2022-03-21 08:54:46,42.6,-84.3833,36.1,100,0,0.0,clear sky,0,0
240,Krasnoselkup,RU,2022-03-21 08:54:46,65.7,82.4667,27.43,85,99,3.02,overcast clouds,0,0
241,Paragominas,BR,2022-03-21 08:51:09,-2.9667,-47.4833,69.71,99,100,1.12,overcast clouds,0,0
242,Bambous Virieux,MU,2022-03-21 08:54:46,-20.3428,57.7575,86.22,100,75,0.0,thunderstorm with rain,0,0
243,Bethel,US,2022-03-21 08:54:47,41.3712,-73.414,45.01,68,67,1.99,broken clouds,0,0
244,Maragogi,BR,2022-03-21 08:54:47,-9.0122,-35.2225,78.03,85,99,4.34,overcast clouds,0,0
245,Lac Du Bonnet,CA,2022-03-21 08:54:48,50.2536,-96.0612,35.31,85,100,12.62,overcast clouds,0,0
246,Oranjemund,NA,2022-03-21 08:54:48,-28.55,16.4333,74.16,64,4,5.79,clear sky,0,0
247,Chapais,CA,2022-03-21 08:54:49,49.7834,-74.8492,22.78,91,100,10.07,overcast clouds,0,0
248,Tezu,IN,2022-03-21 08:54:49,27.9167,96.1667,97.12,17,10,5.55,clear sky,0,0
249,Barrhead,GB,2022-03-21 08:54:49,55.7992,-4.3929,39.76,85,15,1.99,few clouds,0,0
250,Tromso,NO,2022-03-21 08:53:24,69.6496,18.957,39.22,81,75,31.07,broken clouds,0,0
251,Buraydah,SA,2022-03-21 08:54:50,26.326,43.975,70.25,19,1,3.87,clear sky,0,0
252,Sitka,US,2022-03-21 08:54:50,57.0531,-135.33,36.1,92,100,6.96,light rain,0,0
253,Gat,IL,2022-03-21 08:54:51,31.61,34.7642,58.41,46,52,7.87,broken clouds,0,0
254,Oktyabrskiy,RU,2022-03-21 08:54:51,54.4815,53.471,30.2,85,74,15.73,broken clouds,0,0
255,Chokurdakh,RU,2022-03-21 08:54:52,70.6333,147.9167,-5.01,89,99,6.91,overcast clouds,0,0
256,Masvingo,ZW,2022-03-21 08:54:52,-20.0637,30.8277,74.52,39,18,12.01,few clouds,0,0
257,Bilibino,RU,2022-03-21 08:54:53,68.0546,166.4372,9.73,82,100,5.57,overcast clouds,0,0
258,Saint George,US,2022-03-21 08:50:53,37.1041,-113.5841,46.99,23,0,27.63,clear sky,0,0
259,Greci,RO,2022-03-21 08:54:53,45.1833,28.2333,45.25,38,24,13.22,few clouds,0,0
260,Kuching,MY,2022-03-21 08:54:54,1.55,110.3333,91.62,58,40,3.44,scattered clouds,0,0
261,Tessalit,ML,2022-03-21 08:54:54,20.1986,1.0114,77.41,13,6,16.24,clear sky,0,0
262,Ambilobe,MG,2022-03-21 08:54:55,-13.2,49.05,88.93,64,99,0.85,light rain,0,0
263,Ati,TD,2022-03-21 08:54:55,13.2154,18.3353,95.88,3,41,9.93,scattered clouds,0,0
264,Srednekolymsk,RU,2022-03-21 08:54:56,67.45,153.6833,13.48,90,100,19.28,overcast clouds,0,0
265,Saryozek,KZ,2022-03-21 08:54:56,44.3583,77.9753,45.99,36,100,8.57,overcast clouds,0,0
266,Vila Velha,BR,2022-03-21 08:54:56,-20.3297,-40.2925,72.95,95,40,2.3,scattered clouds,0,0
267,Raga,SS,2022-03-21 08:54:57,8.4596,25.678,97.57,6,6,6.85,clear sky,0,0
268,Ahipara,NZ,2022-03-21 08:54:57,-35.1667,173.1667,64.87,93,5,8.08,clear sky,0,0
269,Shubarshi,KZ,2022-03-21 08:54:58,48.5872,57.1869,29.17,92,100,21.41,overcast clouds,0,0
270,Borba,BR,2022-03-21 08:54:58,-4.3878,-59.5939,72.1,99,100,1.95,overcast clouds,0,0
271,Newport,GB,2022-03-21 08:50:31,51.5877,-2.9984,46.78,76,100,6.76,overcast clouds,0,0
272,Bilma,NE,2022-03-21 08:54:59,18.6853,12.9164,86.59,7,31,8.68,scattered clouds,0,0
273,Tiksi,RU,2022-03-21 08:54:59,71.6872,128.8694,-7.13,95,19,3.6,few clouds,0,0
274,Cape Canaveral,US,2022-03-21 08:51:39,28.4058,-80.6048,69.98,60,0,16.11,clear sky,0,0
275,Cap Malheureux,MU,2022-03-21 08:55:00,-19.9842,57.6142,86.47,75,45,1.99,scattered clouds,0,0
276,Dongsheng,CN,2022-03-21 08:55:00,39.8161,109.9776,39.36,30,7,7.16,clear sky,0,0
277,Parrita,CR,2022-03-21 08:55:01,9.5201,-84.3225,73.94,64,99,4.97,overcast clouds,0,0
278,Sandwick,GB,2022-03-21 08:55:01,60.0,-1.25,44.42,76,40,12.66,scattered clouds,0,0
279,Acapetahua,MX,2022-03-21 08:55:01,15.2833,-92.7,75.2,64,0,3.74,clear sky,0,0
280,Sobolevo,RU,2022-03-21 08:55:02,54.4299,31.8996,35.31,99,48,6.71,scattered clouds,0,0
281,Quatre Cocos,MU,2022-03-21 08:55:02,-20.2078,57.7625,86.09,73,49,6.35,light rain,0,0
282,Valparaiso,CL,2022-03-21 08:55:03,-33.0393,-71.6273,58.48,63,0,4.61,clear sky,0,0
283,Montepuez,MZ,2022-03-21 08:55:03,-13.1256,38.9997,78.22,65,100,7.23,overcast clouds,0,0
284,Wajima,JP,2022-03-21 08:53:17,37.4,136.9,43.48,60,75,6.91,broken clouds,0,0
285,Anaconda,US,2022-03-21 08:55:04,46.1285,-112.9423,19.85,84,66,5.12,broken clouds,0,0
286,Brufut,GM,2022-03-21 08:55:04,13.3814,-16.7518,68.54,74,82,13.06,broken clouds,0,0
287,Izhma,RU,2022-03-21 08:55:05,65.0083,53.9113,28.53,81,90,10.78,overcast clouds,0,0
288,Pangnirtung,CA,2022-03-21 08:55:05,66.1451,-65.7125,-15.12,68,74,5.77,broken clouds,0,0
289,Cabo Rojo,PR,2022-03-21 08:55:05,18.0866,-67.1457,72.97,82,1,5.61,clear sky,0,0
290,Naron,ES,2022-03-21 08:55:06,43.5167,-8.1528,62.04,69,72,6.04,broken clouds,0,0
291,Northam,GB,2022-03-21 08:55:06,51.0333,-4.2167,49.6,75,100,13.33,overcast clouds,0,0
292,La Ronge,CA,2022-03-21 08:55:07,55.1001,-105.2842,32.22,93,100,14.97,overcast clouds,0,0
293,Ribeira Grande,PT,2022-03-21 08:55:07,38.5167,-28.7,54.0,76,75,26.46,broken clouds,0,0
294,Matagami,CA,2022-03-21 08:55:08,49.7502,-77.6328,19.51,73,100,16.11,overcast clouds,0,0
295,Lompoc,US,2022-03-21 08:53:19,34.6391,-120.4579,51.94,85,0,25.01,mist,0,0
296,Buala,SB,2022-03-21 08:55:08,-8.145,159.5921,80.8,73,16,2.84,few clouds,0,0
297,Juba,SS,2022-03-21 08:55:09,4.8517,31.5825,96.98,24,62,1.01,broken clouds,0,0
298,Harper,LR,2022-03-21 08:55:09,4.375,-7.7169,81.0,75,92,2.37,overcast clouds,0,0
299,Bardejov,SK,2022-03-21 08:55:10,49.2918,21.2727,45.25,36,0,1.99,clear sky,0,0
300,La Fleche,FR,2022-03-21 08:55:10,47.6982,-0.0755,56.12,71,11,11.25,few clouds,0,0
301,Pismo Beach,US,2022-03-21 08:55:11,35.1428,-120.6413,52.9,70,0,11.5,clear sky,0,0
302,Qianan,CN,2022-03-21 08:55:11,44.9932,124.0581,33.87,35,6,6.64,clear sky,0,0
303,Saskylakh,RU,2022-03-21 08:55:11,71.9167,114.0833,9.36,97,98,1.92,overcast clouds,0,0
304,Sijunjung,ID,2022-03-21 08:55:12,-0.6876,100.9537,89.96,46,26,6.89,scattered clouds,0,0
305,Ponta Do Sol,PT,2022-03-21 08:55:12,32.6667,-17.1,61.43,66,77,5.93,broken clouds,0,0
306,Lago Da Pedra,BR,2022-03-21 08:55:13,-4.3333,-45.1667,70.7,98,33,0.6,scattered clouds,0,0
307,Warwick,US,2022-03-21 08:55:13,41.7001,-71.4162,45.09,65,0,17.27,clear sky,0,0
308,Cidreira,BR,2022-03-21 08:55:13,-30.1811,-50.2056,68.07,57,100,13.56,overcast clouds,0,0
309,Tocopilla,CL,2022-03-21 08:55:14,-22.092,-70.1979,66.56,81,90,4.03,overcast clouds,0,0
310,Paamiut,GL,2022-03-21 08:55:14,61.994,-49.6678,-4.99,90,28,8.95,scattered clouds,0,0
311,Christchurch,NZ,2022-03-21 08:55:15,-43.5333,172.6333,62.01,91,100,18.41,light rain,0,0
312,Arkansas City,US,2022-03-21 08:55:15,37.062,-97.0384,58.48,51,75,19.01,broken clouds,0,0
313,Sioux Lookout,CA,2022-03-21 08:55:15,50.1001,-91.917,28.47,59,40,5.75,scattered clouds,0,0
314,Laguna,US,2022-03-21 08:55:16,38.421,-121.4238,53.31,73,59,5.03,broken clouds,0,0
315,Macae,BR,2022-03-21 08:55:16,-22.3708,-41.7869,74.95,94,75,9.22,broken clouds,0,0
316,Codrington,AU,2022-03-21 08:55:17,-38.2667,141.9667,60.8,83,100,7.14,overcast clouds,0,0
317,Souillac,MU,2022-03-21 08:55:17,-20.5167,57.5167,77.38,100,75,0.0,thunderstorm with rain,0,0
318,Petauke,ZM,2022-03-21 08:55:18,-14.2426,31.3253,70.74,72,98,6.4,overcast clouds,0,0
319,Westport,US,2022-03-21 08:54:36,41.1415,-73.3579,45.81,61,69,4.0,broken clouds,0,0
320,Korla,CN,2022-03-21 08:55:18,41.7597,86.1469,51.39,44,92,9.08,overcast clouds,0,0
321,Nanortalik,GL,2022-03-21 08:55:19,60.1432,-45.2371,11.19,71,0,4.47,clear sky,0,0
322,Garmsar,IR,2022-03-21 08:55:19,35.2182,52.3409,69.12,17,84,3.38,broken clouds,0,0
323,Abbeville,FR,2022-03-21 08:55:19,50.1,1.8333,51.49,71,26,7.45,scattered clouds,0,0
324,Shelburne,CA,2022-03-21 08:55:20,44.0787,-80.2041,34.12,84,4,7.94,clear sky,0,0
325,Pundaguitan,PH,2022-03-21 08:55:20,6.3711,126.1689,82.6,74,100,9.4,overcast clouds,0,0
326,Nacala,MZ,2022-03-21 08:55:21,-14.5428,40.6728,81.72,68,75,11.5,broken clouds,0,0
327,Waynesville,US,2022-03-21 08:55:21,35.4887,-82.9887,41.74,53,0,4.0,clear sky,0,0
328,Raudeberg,NO,2022-03-21 08:55:21,61.9875,5.1352,41.67,78,0,4.7,clear sky,0,0
329,Gerede,TR,2022-03-21 08:55:22,40.8008,32.1969,24.19,79,94,6.17,overcast clouds,0,0
330,Itoman,JP,2022-03-21 08:55:22,26.1247,127.6694,74.17,78,75,17.27,broken clouds,0,0
331,Sergeyevka,KZ,2022-03-21 08:55:23,53.88,67.4158,23.07,92,100,13.22,light snow,0,0
332,Tommot,RU,2022-03-21 08:55:24,58.9564,126.2925,23.23,89,100,6.49,overcast clouds,0,0
333,Pachino,IT,2022-03-21 08:55:24,36.7186,15.0907,51.84,52,18,14.12,few clouds,0,0
334,Grand Gaube,MU,2022-03-21 08:55:24,-20.0064,57.6608,86.38,75,52,1.99,broken clouds,0,0
335,Rodino,RU,2022-03-21 08:55:25,52.5,80.25,22.26,82,94,16.98,overcast clouds,0,0
336,Faya,SA,2022-03-21 08:55:25,18.3851,42.4509,69.91,46,3,14.81,clear sky,0,0
337,San Rafael,AR,2022-03-21 08:50:39,-34.6177,-68.3301,55.98,65,2,8.63,clear sky,0,0
338,Dharmadam,IN,2022-03-21 08:55:26,11.7833,75.4333,87.96,57,10,11.81,clear sky,0,0
339,Dunedin,NZ,2022-03-21 08:55:26,-45.8742,170.5036,59.81,94,100,5.99,overcast clouds,0,0
340,Puerto Baquerizo Moreno,EC,2022-03-21 08:55:27,-0.9,-89.6,77.54,85,41,7.31,moderate rain,0,0
341,Lake Havasu City,US,2022-03-21 08:55:27,34.4839,-114.3224,64.4,15,0,20.71,clear sky,0,0
342,Mizdah,LY,2022-03-21 08:55:27,31.4451,12.9801,50.22,60,83,18.21,broken clouds,0,0
343,Kashary,RU,2022-03-21 08:55:28,49.04,41.0056,36.9,83,100,11.52,overcast clouds,0,0
344,Salalah,OM,2022-03-21 08:55:28,17.0151,54.0924,84.02,16,2,9.66,clear sky,0,0
345,Natalio,PY,2022-03-21 08:55:29,-26.7167,-55.0833,58.59,85,0,3.04,clear sky,0,0
346,Thinadhoo,MV,2022-03-21 08:55:29,0.5333,72.9333,83.77,73,100,16.6,overcast clouds,0,0
347,Sampit,ID,2022-03-21 08:55:30,-2.5333,112.95,81.93,83,92,3.67,moderate rain,0,0
348,Saint Boswells,GB,2022-03-21 08:55:30,55.573,-2.6441,39.15,83,12,0.2,few clouds,0,0
349,Halkirk,CA,2022-03-21 08:55:30,52.2834,-112.1518,20.77,82,8,5.97,clear sky,0,0
350,Petropavlovsk-Kamchatskiy,RU,2022-03-21 08:55:31,53.0452,158.6483,30.79,100,100,4.47,mist,0,0
351,Burgeo,CA,2022-03-21 08:55:31,47.6167,-57.6152,34.54,98,100,11.59,overcast clouds,0,0
352,Milkovo,RU,2022-03-21 08:55:32,54.7167,158.6167,29.25,96,100,0.89,overcast clouds,0,0
353,Mount Gambier,AU,2022-03-21 08:55:32,-37.8333,140.7667,66.11,63,96,9.22,overcast clouds,0,0
354,Chicama,PE,2022-03-21 08:55:32,-7.8447,-79.1469,63.14,81,100,3.91,overcast clouds,0,0
355,Enid,US,2022-03-21 08:55:25,36.3956,-97.8784,57.36,43,0,17.27,clear sky,0,0
356,Binga,ZW,2022-03-21 08:55:33,-17.6203,27.3414,73.87,63,80,5.99,broken clouds,0,0
357,Saint-Georges,GD,2022-03-21 08:54:41,12.0564,-61.7485,76.68,83,20,13.8,few clouds,0,0
358,Nirasaki,JP,2022-03-21 08:55:34,35.7,138.45,50.49,61,67,4.0,broken clouds,0,0
359,Clayton,US,2022-03-21 08:55:34,33.5335,-84.3666,45.55,69,0,3.76,clear sky,0,0
360,Aykhal,RU,2022-03-21 08:55:34,66.0,111.5,12.6,84,76,4.79,broken clouds,0,0
361,San Vicente De Canete,PE,2022-03-21 08:55:35,-13.0751,-76.3835,70.25,82,97,2.68,overcast clouds,0,0
362,Singaraja,ID,2022-03-21 08:55:35,-8.112,115.0882,83.14,78,100,3.15,overcast clouds,0,0
363,Dicabisagan,PH,2022-03-21 08:55:36,17.0818,122.4157,82.6,77,25,6.73,scattered clouds,0,0
364,Bongandanga,CD,2022-03-21 08:55:36,1.5,21.05,89.94,44,100,3.6,overcast clouds,0,0
365,Curuguaty,PY,2022-03-21 08:55:36,-24.4694,-55.6945,70.83,83,6,7.2,clear sky,0,0
366,Berdigestyakh,RU,2022-03-21 08:55:37,62.0989,126.6992,14.5,95,94,3.27,overcast clouds,0,0
367,Eyl,SO,2022-03-21 08:55:37,7.9803,49.8164,84.47,51,12,12.46,few clouds,0,0
368,Kurumkan,RU,2022-03-21 08:55:38,54.3,110.3,22.95,86,93,1.66,overcast clouds,0,0
369,Egvekinot,RU,2022-03-21 08:55:38,66.3167,-179.1667,-8.64,84,84,3.04,broken clouds,0,0
370,San Quintin,MX,2022-03-21 08:55:39,30.4833,-115.95,55.87,92,30,10.07,scattered clouds,0,0
371,Dalianwan,CN,2022-03-21 08:55:39,39.0286,121.695,44.64,49,0,8.95,clear sky,0,0
372,Iqaluit,CA,2022-03-21 08:55:40,63.7506,-68.5145,-7.87,77,100,0.0,overcast clouds,0,0
373,Baffa,PK,2022-03-21 08:55:40,34.4378,73.2194,81.79,22,2,4.14,clear sky,0,0
374,El Cope,PA,2022-03-21 08:55:40,8.6167,-80.6,65.68,94,70,6.29,broken clouds,0,0
375,Roros,NO,2022-03-21 08:55:41,62.5747,11.3842,30.04,55,0,4.61,clear sky,0,0
376,Vostok,RU,2022-03-21 08:55:41,46.4856,135.8833,20.12,95,94,9.35,light snow,0,0
377,Iquique,CL,2022-03-21 08:54:46,-20.2208,-70.1431,66.24,76,57,2.01,broken clouds,0,0
378,Sibiti,CG,2022-03-21 08:55:42,-3.6819,13.3499,75.83,81,100,3.13,light rain,0,0
379,Denpasar,ID,2022-03-21 08:55:42,-8.65,115.2167,83.86,83,40,5.75,heavy intensity rain,0,0
380,Kavieng,PG,2022-03-21 08:55:43,-2.5744,150.7967,83.82,72,100,6.85,overcast clouds,0,0
381,Nizwa,OM,2022-03-21 08:55:43,22.9333,57.5333,89.53,9,0,7.72,clear sky,0,0
382,Kununurra,AU,2022-03-21 08:55:43,-15.7667,128.7333,89.58,51,92,6.91,overcast clouds,0,0
383,Coihaique,CL,2022-03-21 08:55:44,-45.5752,-72.0662,48.15,93,100,2.3,overcast clouds,0,0
384,Alofi,NU,2022-03-21 08:55:44,-19.0595,-169.9187,76.89,88,75,4.61,broken clouds,0,0
385,Maningrida,AU,2022-03-21 08:55:45,-12.0667,134.2667,84.2,74,100,8.61,overcast clouds,0,0
386,Luang Prabang,LA,2022-03-21 08:55:45,19.8856,102.1347,89.56,58,75,6.91,broken clouds,0,0
387,Samarai,PG,2022-03-21 08:55:46,-10.6167,150.6667,85.39,72,98,7.23,overcast clouds,0,0
388,Indiana,US,2022-03-21 08:55:46,40.0003,-86.2503,47.59,70,0,1.01,clear sky,0,0
389,Bridlington,GB,2022-03-21 08:55:46,54.0831,-0.1919,43.14,86,4,4.0,clear sky,0,0
390,Melfort,CA,2022-03-21 08:55:47,52.8667,-104.6177,35.73,80,100,17.27,overcast clouds,0,0
391,Vanavara,RU,2022-03-21 08:55:47,60.34,102.2797,25.72,86,100,11.12,overcast clouds,0,0
392,Havre-Saint-Pierre,CA,2022-03-21 08:55:48,50.2334,-63.5986,26.6,93,100,11.5,overcast clouds,0,0
393,Padang,ID,2022-03-21 08:55:48,-0.9492,100.3543,89.65,64,61,5.57,broken clouds,0,0
394,Coffs Harbour,AU,2022-03-21 08:55:48,-30.3,153.1333,73.36,68,3,17.27,clear sky,0,0
395,Agua Dulce,MX,2022-03-21 08:55:49,18.1333,-94.1333,72.07,93,37,5.44,scattered clouds,0,0
396,Cascais,PT,2022-03-21 08:55:49,38.6979,-9.4215,55.51,84,75,11.99,mist,0,0
397,Avera,US,2022-03-21 08:51:51,33.194,-82.5271,46.38,63,0,6.46,clear sky,0,0
398,Banfora,BF,2022-03-21 08:55:50,10.6333,-4.7667,85.03,53,100,4.85,overcast clouds,0,0
399,Wanaka,NZ,2022-03-21 08:55:50,-44.7,169.15,62.11,58,100,1.01,overcast clouds,0,0
400,Ofaqim,IL,2022-03-21 08:55:51,31.3141,34.6203,53.71,48,23,7.36,few clouds,0,0
401,Seoul,KR,2022-03-21 08:55:29,37.5683,126.9778,49.39,33,0,9.22,clear sky,0,0
402,Fare,PF,2022-03-21 08:55:51,-16.7,-151.0167,82.24,71,12,18.57,light rain,0,0
403,Kigonsera,TZ,2022-03-21 08:55:52,-10.8,35.05,66.02,89,100,4.03,light rain,0,0
404,Half Moon Bay,US,2022-03-21 08:55:52,37.4636,-122.4286,51.58,80,40,12.66,mist,0,0
405,Tura,IN,2022-03-21 08:55:53,25.5198,90.2201,94.32,21,5,7.07,clear sky,0,0
406,Honningsvag,NO,2022-03-21 08:55:53,70.9821,25.9704,37.04,92,100,33.33,overcast clouds,0,0
407,Mobile,US,2022-03-21 08:55:23,30.7835,-88.2,46.45,93,0,0.0,clear sky,0,0
408,Ouadda,CF,2022-03-21 08:55:54,8.0777,22.4007,103.84,7,16,2.66,few clouds,0,0
409,Bulgan,MN,2022-03-21 08:55:54,48.8125,103.5347,31.3,21,0,11.36,clear sky,0,0
410,Khed Brahma,IN,2022-03-21 08:55:55,24.0333,73.05,101.79,7,0,13.73,clear sky,0,0
411,Siguiri,GN,2022-03-21 08:55:55,11.6667,-9.5,87.3,44,73,6.91,broken clouds,0,0
412,Nantucket,US,2022-03-21 08:51:55,41.2835,-70.0995,44.74,78,100,17.27,overcast clouds,0,0
413,Berlevag,NO,2022-03-21 08:55:56,70.8578,29.0864,40.95,60,0,18.41,clear sky,0,0
414,Zmeinogorsk,RU,2022-03-21 08:55:56,51.1567,82.195,26.46,86,46,20.69,scattered clouds,0,0
415,Visby,SE,2022-03-21 08:55:57,57.6409,18.296,49.05,61,0,8.05,clear sky,0,0
416,Duldurga,RU,2022-03-21 08:55:57,50.6761,113.5931,31.33,51,51,13.69,broken clouds,0,0
417,Houma,US,2022-03-21 08:51:32,29.5958,-90.7195,60.01,83,0,5.75,clear sky,0,0
418,Malanville,BJ,2022-03-21 08:55:58,11.8685,3.3899,95.05,26,97,10.29,overcast clouds,0,0
419,Santa Rosa,PH,2022-03-21 08:55:58,14.3122,121.1114,92.1,69,92,15.1,overcast clouds,0,0
420,Alice Springs,AU,2022-03-21 08:54:15,-23.7,133.8833,90.95,17,0,13.8,clear sky,0,0
421,Goderich,CA,2022-03-21 08:55:59,43.7501,-81.7165,29.91,93,12,1.14,few clouds,0,0
422,Sibu,MY,2022-03-21 08:53:46,2.3,111.8167,82.71,88,40,5.01,scattered clouds,0,0
423,Nisia Floresta,BR,2022-03-21 08:56:00,-6.0911,-35.2086,76.01,90,96,4.85,overcast clouds,0,0
424,Amapa,BR,2022-03-21 08:56:00,1.0,-52.0,71.62,100,100,1.23,overcast clouds,0,0
425,Clyde River,CA,2022-03-21 08:56:00,70.4692,-68.5914,-14.57,70,20,12.66,few clouds,0,0
426,Saint-Pierre,RE,2022-03-21 08:56:01,-21.3393,55.4781,84.18,88,75,16.11,mist,0,0
427,Mormugao,IN,2022-03-21 08:56:01,15.4,73.8,87.06,62,20,11.5,few clouds,0,0
428,Maragheh,IR,2022-03-21 08:56:02,37.3917,46.2398,48.47,25,100,11.5,overcast clouds,0,0
429,Masuguru,TZ,2022-03-21 08:56:02,-11.3667,38.4167,83.52,65,83,6.38,broken clouds,0,0
430,Palembang,ID,2022-03-21 08:56:02,-2.9167,104.7458,86.09,74,40,6.91,scattered clouds,0,0
431,Salym,RU,2022-03-21 08:56:03,60.0625,71.4789,29.12,90,100,4.85,overcast clouds,0,0
432,Los Llanos De Aridane,ES,2022-03-21 08:56:03,28.6585,-17.9182,60.55,75,75,6.91,broken clouds,0,0
433,Udachnyy,RU,2022-03-21 08:56:04,66.4167,112.4,12.74,88,94,4.94,overcast clouds,0,0
434,Khandagayty,RU,2022-03-21 08:56:04,50.7333,92.05,14.31,89,100,4.09,overcast clouds,0,0
435,Hirara,JP,2022-03-21 08:56:05,24.8,125.2833,73.67,83,75,14.97,broken clouds,0,0
436,Banjar,ID,2022-03-21 08:56:05,-8.19,114.9675,82.85,81,100,2.17,overcast clouds,0,0
437,Manta,EC,2022-03-21 08:56:06,-0.95,-80.7333,76.78,94,100,5.21,overcast clouds,0,0
438,Richards Bay,ZA,2022-03-21 08:56:06,-28.783,32.0377,79.83,51,32,6.04,scattered clouds,0,0
439,Nha Trang,VN,2022-03-21 08:56:07,12.25,109.1833,87.8,69,84,9.86,broken clouds,0,0
440,Mumford,GH,2022-03-21 08:56:07,5.2618,-0.759,82.17,77,100,6.17,overcast clouds,0,0
441,Ihosy,MG,2022-03-21 08:56:08,-22.4,46.1167,75.83,55,1,10.71,clear sky,0,0
442,Palmer,US,2022-03-21 08:56:08,42.1584,-72.3287,41.95,66,97,11.03,overcast clouds,0,0
443,Schroeder,BR,2022-03-21 08:56:08,-26.4125,-49.0731,68.76,100,100,1.81,overcast clouds,0,0
444,Zhigansk,RU,2022-03-21 08:56:09,66.7697,123.3711,12.83,88,100,10.87,overcast clouds,0,0
445,Xining,CN,2022-03-21 08:56:09,36.6167,101.7667,43.81,48,100,9.51,overcast clouds,0,0
446,Agara,GE,2022-03-21 08:56:10,42.0376,43.8238,36.41,75,97,12.68,overcast clouds,0,0
447,La Peca,PE,2022-03-21 08:56:10,-5.6111,-78.435,66.51,98,98,0.65,light rain,0,0
448,Hami,CN,2022-03-21 08:56:11,42.8,93.45,48.27,22,100,14.9,overcast clouds,0,0
449,Istok,XK,2022-03-21 08:56:11,42.7808,20.4875,40.77,41,0,5.84,clear sky,0,0
450,Kwinana,AU,2022-03-21 08:56:12,-32.25,115.7667,82.18,57,0,22.24,clear sky,0,0
451,Banff,CA,2022-03-21 08:53:51,51.1762,-115.5698,31.23,46,66,4.61,broken clouds,0,0
452,Kongolo,CD,2022-03-21 08:56:12,-5.3833,27.0,84.02,68,100,2.13,overcast clouds,0,0
453,Sayville,US,2022-03-21 08:56:12,40.7359,-73.0821,45.75,66,41,7.0,scattered clouds,0,0
454,Mackenzie,CA,2022-03-21 08:56:13,55.2999,-123.1698,32.22,100,100,6.91,overcast clouds,0,0
455,Pecos,US,2022-03-21 08:56:13,31.4229,-103.4932,62.87,31,0,6.91,clear sky,0,0
456,Churapcha,RU,2022-03-21 08:56:14,62.0025,132.4325,6.76,82,93,2.59,overcast clouds,0,0
457,Jumla,NP,2022-03-21 08:56:14,29.2747,82.1838,67.64,23,78,7.29,broken clouds,0,0
458,Porvoo,FI,2022-03-21 08:56:15,60.3923,25.6651,48.7,76,0,7.36,clear sky,0,0
459,Pangai,TO,2022-03-21 08:56:15,-19.8,-174.35,82.18,76,100,14.36,overcast clouds,0,0
460,Tuatapere,NZ,2022-03-21 08:56:15,-46.1333,167.6833,55.08,94,75,1.25,broken clouds,0,0
461,Kadnikov,RU,2022-03-21 08:56:16,59.5022,40.338,38.48,81,19,9.82,few clouds,0,0
462,Praia Da Vitoria,PT,2022-03-21 08:56:16,38.7333,-27.0667,52.75,82,40,20.98,scattered clouds,0,0
463,Olinda,BR,2022-03-21 08:51:19,-8.0089,-34.8553,78.53,89,75,2.3,broken clouds,0,0
464,Isangel,VU,2022-03-21 08:56:17,-19.55,169.2667,80.51,86,100,16.44,light rain,0,0
465,Kasongo-Lunda,CD,2022-03-21 08:56:17,-6.4667,16.8167,82.02,65,100,2.62,overcast clouds,0,0
466,Tatvan,TR,2022-03-21 08:56:18,38.5067,42.2817,26.15,81,93,8.39,overcast clouds,0,0
467,Jiaozhou,CN,2022-03-21 08:56:18,36.2839,120.0033,46.36,41,100,6.73,overcast clouds,0,0
468,Nouakchott,MR,2022-03-21 08:56:19,18.0858,-15.9785,64.33,45,8,11.68,clear sky,0,0
469,Lunglei,IN,2022-03-21 08:51:59,22.8833,92.7333,91.69,9,2,6.24,clear sky,0,0
470,Araouane,ML,2022-03-21 08:56:19,18.9048,-3.5265,79.03,14,24,18.97,few clouds,0,0
471,Yeppoon,AU,2022-03-21 08:56:20,-23.1333,150.7333,76.78,68,42,10.45,scattered clouds,0,0
472,Sitio Novo Do Tocantins,BR,2022-03-21 08:56:20,-5.5183,-47.4611,75.13,94,40,2.3,scattered clouds,0,0
473,Ahtopol,BG,2022-03-21 08:56:21,42.1,27.95,42.62,64,100,19.08,overcast clouds,0,0
474,Wilmington Island,US,2022-03-21 08:56:21,32.0036,-80.9737,55.98,76,0,6.29,clear sky,0,0
475,Oistins,BB,2022-03-21 08:56:21,13.0667,-59.5333,75.29,73,40,14.97,scattered clouds,0,0
476,Portland,US,2022-03-21 08:53:27,45.5234,-122.6762,45.09,90,100,4.0,moderate rain,0,0
477,Kudahuvadhoo,MV,2022-03-21 08:56:22,2.6708,72.8944,83.66,68,77,14.88,broken clouds,0,0
478,Bud,US,2022-03-21 08:56:22,39.447,-86.1758,50.14,69,39,6.8,scattered clouds,0,0
479,Acajutla,SV,2022-03-21 08:56:23,13.5928,-89.8275,79.38,61,5,6.98,clear sky,0,0
480,Boguchany,RU,2022-03-21 08:56:23,58.3814,97.4531,26.24,81,100,10.83,overcast clouds,0,0
481,Yakeshi,CN,2022-03-21 08:56:24,49.2833,120.7333,17.83,85,44,10.58,scattered clouds,0,0
482,Port Augusta,AU,2022-03-21 08:56:24,-32.5,137.7667,75.61,54,5,12.37,clear sky,0,0
483,Naica,MX,2022-03-21 08:56:25,27.85,-105.4833,55.83,17,81,8.86,broken clouds,0,0
484,Kokopo,PG,2022-03-21 08:56:25,-4.352,152.2633,81.18,74,98,3.53,overcast clouds,0,0
485,Wajir,KE,2022-03-21 08:56:25,1.7471,40.0573,89.56,43,40,12.66,scattered clouds,0,0
486,Weiser,US,2022-03-21 08:56:26,44.251,-116.9693,37.89,65,100,2.82,overcast clouds,0,0
487,Boyolangu,ID,2022-03-21 08:56:26,-8.1181,111.8935,83.93,79,86,2.64,moderate rain,0,0
488,Bardiyah,LY,2022-03-21 08:56:27,31.7561,25.0865,50.81,76,99,17.31,overcast clouds,0,0
489,Tevriz,RU,2022-03-21 08:56:27,57.509,72.4042,28.33,92,100,5.44,light snow,0,0
490,Paignton,GB,2022-03-21 08:56:27,50.4357,-3.5679,54.64,76,92,5.01,overcast clouds,0,0
491,Beringovskiy,RU,2022-03-21 08:56:28,63.05,179.3167,19.99,96,99,8.14,overcast clouds,0,0
492,Verkhoyansk,RU,2022-03-21 08:56:28,67.5447,133.385,-8.05,97,12,2.42,few clouds,0,0
493,Lerik,AZ,2022-03-21 08:56:29,38.7726,48.4128,25.52,96,100,5.7,light snow,0,0
494,Grindavik,IS,2022-03-21 08:56:29,63.8424,-22.4338,36.07,80,100,9.22,overcast clouds,0,0
495,Namibe,AO,2022-03-21 08:56:29,-15.1961,12.1522,79.57,62,64,3.44,broken clouds,0,0
496,Okhotsk,RU,2022-03-21 08:56:30,59.3833,143.3,21.58,72,100,15.77,overcast clouds,0,0
497,Deputatskiy,RU,2022-03-21 08:56:30,69.3,139.9,-15.95,100,50,0.89,scattered clouds,0,0
498,Tual,ID,2022-03-21 08:56:31,-5.6667,132.75,84.43,74,100,16.17,overcast clouds,0,0
499,Thunder Bay,CA,2022-03-21 08:54:35,48.4001,-89.3168,27.28,97,0,2.3,clear sky,0,0
500,Dover,US,2022-03-21 08:55:19,39.1582,-75.5244,46.42,55,0,11.5,clear sky,0,0
501,Adrar,MR,2022-03-21 08:56:31,20.5022,-10.0711,73.83,18,4,13.4,clear sky,0,0
502,Yershichi,RU,2022-03-21 08:56:32,53.6725,32.7542,39.99,87,21,7.27,few clouds,0,0
503,Mount Isa,AU,2022-03-21 08:56:32,-20.7333,139.5,94.77,20,40,11.5,scattered clouds,0,0
504,Baker City,US,2022-03-21 08:53:55,44.7749,-117.8344,34.59,75,100,2.42,overcast clouds,0,0
505,Arkhangelsk,RU,2022-03-21 08:56:33,64.5401,40.5433,37.51,64,75,4.47,broken clouds,0,0
506,Mungaa,TZ,2022-03-21 08:56:33,-4.9667,34.8833,74.37,59,47,11.01,scattered clouds,0,0
507,Victor Harbor,AU,2022-03-21 08:56:34,-35.5667,138.6167,64.0,84,73,7.99,broken clouds,0,0
508,Dubbo,AU,2022-03-21 08:56:07,-32.25,148.6167,75.33,46,17,4.61,few clouds,0,0
509,Kankaanpaa,FI,2022-03-21 08:56:34,61.8,22.4167,43.56,82,0,8.28,clear sky,0,0
510,Hit,IQ,2022-03-21 08:56:35,33.6416,42.8251,55.87,18,100,11.18,overcast clouds,0,0
511,Warmbad,NA,2022-03-21 08:56:35,-28.45,18.7333,84.54,39,78,13.13,broken clouds,0,0
512,Aklavik,CA,2022-03-21 08:56:35,68.2191,-135.0107,-9.04,97,100,7.16,overcast clouds,0,0
513,Fortuna,US,2022-03-21 08:56:36,40.5982,-124.1573,40.66,94,0,6.91,clear sky,0,0
514,Zapolyarnyy,RU,2022-03-21 08:56:36,69.4154,30.8136,40.28,76,100,11.61,overcast clouds,0,0
515,Menongue,AO,2022-03-21 08:56:37,-14.6585,17.691,71.51,82,99,7.18,moderate rain,0,0
516,Maridi,SS,2022-03-21 08:56:37,4.9158,29.4742,90.0,33,64,5.1,broken clouds,0,0
517,Shingu,JP,2022-03-21 08:56:37,33.7333,135.9833,51.75,67,92,3.33,overcast clouds,0,0
518,Shush,IR,2022-03-21 08:56:38,32.1942,48.2436,80.11,14,100,6.35,overcast clouds,0,0
519,Sisimiut,GL,2022-03-21 08:55:29,66.9395,-53.6735,-9.69,74,8,8.66,clear sky,0,0
520,Hoopstad,ZA,2022-03-21 08:56:38,-27.8327,25.9083,74.66,45,46,5.66,light rain,0,0
521,Luderitz,NA,2022-03-21 08:56:39,-26.6481,15.1594,85.08,50,0,3.22,clear sky,0,0
522,Liaozhong,CN,2022-03-21 08:56:39,41.5061,122.7242,44.02,29,66,13.44,broken clouds,0,0
523,San Matias,BO,2022-03-21 08:56:40,-16.3667,-58.4,70.83,96,100,2.39,overcast clouds,0,0
524,Ostersund,SE,2022-03-21 08:56:40,63.1792,14.6357,37.85,44,0,5.75,clear sky,0,0
525,Baherden,TM,2022-03-21 08:56:40,38.4362,57.4316,52.27,44,83,6.8,broken clouds,0,0
526,Saint-Francois,FR,2022-03-21 08:56:41,46.4154,3.9054,54.68,50,0,8.05,clear sky,0,0
527,Erzurum,TR,2022-03-21 08:56:41,40.0,41.5,17.28,82,91,4.56,overcast clouds,0,0
528,Trincomalee,LK,2022-03-21 08:56:42,8.5711,81.2335,85.8,69,97,18.12,overcast clouds,0,0
529,Analipsis,GR,2022-03-21 08:56:42,35.3167,25.5667,51.12,73,100,17.05,overcast clouds,0,0
530,Nuuk,GL,2022-03-21 08:56:43,64.1835,-51.7216,-13.36,89,8,7.78,clear sky,0,0
531,Puyang,CN,2022-03-21 08:56:43,29.4603,119.8861,50.81,96,100,5.32,overcast clouds,0,0
532,Ekhabi,RU,2022-03-21 08:56:44,53.5102,142.9671,14.58,77,4,15.3,clear sky,0,0
533,Kahului,US,2022-03-21 08:56:44,20.8947,-156.47,72.84,92,45,4.0,scattered clouds,0,0
534,Yarensk,RU,2022-03-21 08:56:44,62.1675,49.0916,29.89,82,100,11.05,overcast clouds,0,0
535,Mosquera,CO,2022-03-21 08:53:08,4.7059,-74.2302,53.69,94,75,5.75,broken clouds,0,0
536,Luwingu,ZM,2022-03-21 08:56:45,-10.2621,29.9271,70.3,79,91,7.76,overcast clouds,0,0
537,Bizhbulyak,RU,2022-03-21 08:56:45,53.6967,54.2642,28.69,83,75,16.28,broken clouds,0,0
538,Eirunepe,BR,2022-03-21 08:56:46,-6.6603,-69.8736,70.74,100,100,1.9,overcast clouds,0,0
539,Pryluky,UA,2022-03-21 08:56:46,50.5932,32.3876,45.12,64,0,11.18,clear sky,0,0
540,Saldanha,ZA,2022-03-21 08:56:47,-33.0117,17.9442,84.25,76,12,12.5,few clouds,0,0
541,Margate,GB,2022-03-21 08:56:47,51.3813,1.3862,50.7,73,1,3.0,clear sky,0,0
542,Kemijarvi,FI,2022-03-21 08:56:47,66.7131,27.4306,41.41,63,100,11.97,overcast clouds,0,0
543,Kangaatsiaq,GL,2022-03-21 08:56:48,68.3065,-53.4641,-19.98,95,9,9.35,clear sky,0,0
544,Ha Giang,VN,2022-03-21 08:56:48,22.8333,104.9833,86.68,65,68,4.36,broken clouds,0,0
545,Nador,MA,2022-03-21 08:56:49,35.174,-2.9287,59.25,94,75,8.05,broken clouds,0,0
546,Moanda,GA,2022-03-21 08:56:49,-1.5575,13.2178,77.23,93,100,3.58,overcast clouds,0,0
547,Chihuahua,MX,2022-03-21 08:56:17,28.5,-106.0,51.06,25,11,19.51,few clouds,0,0
548,Neckarsulm,DE,2022-03-21 08:56:50,49.1928,9.2261,55.8,50,2,4.76,clear sky,0,0
549,Hay River,CA,2022-03-21 08:56:50,60.8156,-115.7999,24.78,93,75,8.05,light snow,0,0
550,Gobabis,NA,2022-03-21 08:56:51,-22.45,18.9667,76.89,44,9,14.99,clear sky,0,0
551,Arica,CL,2022-03-21 08:56:51,-18.475,-70.3042,64.63,72,0,3.44,clear sky,0,0
552,Channel-Port Aux Basques,CA,2022-03-21 08:56:52,47.5702,-59.1367,34.05,98,100,8.32,overcast clouds,0,0
553,Pevek,RU,2022-03-21 08:56:52,69.7008,170.3133,-7.58,94,67,3.13,broken clouds,0,0
554,Djambala,CG,2022-03-21 08:56:53,-2.5447,14.7533,67.5,94,100,6.17,light rain,0,0
555,Osinki,RU,2022-03-21 08:56:53,52.8432,49.5132,32.95,100,66,13.56,light snow,0,0
556,Isla Mujeres,MX,2022-03-21 08:56:54,21.2311,-86.731,77.16,76,0,13.78,clear sky,0,0
557,Sterling,US,2022-03-21 08:56:54,39.0062,-77.4286,48.22,54,0,8.01,clear sky,0,0
558,Killarney,IE,2022-03-21 08:54:39,52.05,-9.5167,51.85,82,40,5.75,scattered clouds,0,0
559,Brae,GB,2022-03-21 08:56:55,60.3964,-1.353,44.33,75,4,15.97,clear sky,0,0
560,Kargasok,RU,2022-03-21 08:56:55,59.0556,80.8572,23.34,86,100,14.97,overcast clouds,0,0
561,Bandarbeyla,SO,2022-03-21 08:56:55,9.4942,50.8122,82.26,53,7,9.15,clear sky,0,0
562,Sawtell,AU,2022-03-21 08:56:56,-30.3833,153.1,73.42,68,2,17.27,clear sky,0,0
563,Belmonte,BR,2022-03-21 08:56:56,-15.8631,-38.8828,74.23,89,39,2.98,scattered clouds,0,0
564,Llanes,ES,2022-03-21 08:56:57,43.4198,-4.7549,58.19,70,94,4.34,overcast clouds,0,0
565,Bell Ville,AR,2022-03-21 08:56:57,-32.6259,-62.6887,59.81,56,96,11.9,overcast clouds,0,0
566,Alice,US,2022-03-21 08:56:58,27.7523,-98.0697,71.04,95,100,16.51,overcast clouds,0,0
567,Agua Verde,MX,2022-03-21 08:56:58,22.9,-106.05,65.21,61,61,4.5,broken clouds,0,0
568,Kieta,PG,2022-03-21 08:56:58,-6.2167,155.6333,80.85,78,99,0.69,overcast clouds,0,0
569,Geraldton,AU,2022-03-21 08:56:59,-28.7667,114.6,77.41,61,0,24.16,clear sky,0,0
570,Savannakhet,LA,2022-03-21 08:56:59,16.566,104.751,95.02,34,40,2.3,scattered clouds,0,0
571,Malpe,IN,2022-03-21 08:57:00,13.35,74.7167,92.5,59,15,10.92,few clouds,0,0
572,Savannah Bight,HN,2022-03-21 08:57:00,16.45,-85.85,80.2,72,1,15.66,clear sky,0,0
573,Asau,RO,2022-03-21 08:57:00,46.4333,26.4,46.96,29,20,9.86,few clouds,0,0
574,Sabang,ID,2022-03-21 08:57:01,5.8933,95.3214,83.82,73,95,21.0,overcast clouds,0,0
575,Esfarayen,IR,2022-03-21 08:57:01,37.0765,57.5101,40.66,59,100,4.45,overcast clouds,0,0
576,Kannur,IN,2022-03-21 08:57:02,11.8675,75.3576,88.32,56,11,11.72,few clouds,0,0
577,Nijkerk,NL,2022-03-21 08:57:02,52.217,5.483,52.95,64,0,5.19,clear sky,0,0
578,Naze,JP,2022-03-21 08:57:03,28.3667,129.4833,67.12,76,40,14.52,scattered clouds,0,0
579,Toucheng,TW,2022-03-21 08:57:03,24.8592,121.8233,80.15,94,96,4.18,overcast clouds,0,0
580,Miri,MY,2022-03-21 08:57:04,4.4148,114.0089,80.74,94,40,0.0,thunderstorm with light rain,0,0
581,Jutai,BR,2022-03-21 08:57:04,-5.1833,-68.9,71.67,99,100,2.15,overcast clouds,0,0
582,Jalu,LY,2022-03-21 08:57:04,29.0331,21.5482,55.83,38,28,15.64,scattered clouds,0,0
583,Kidal,ML,2022-03-21 08:57:05,18.4411,1.4078,83.59,10,2,15.88,clear sky,0,0
584,Sarangani,PH,2022-03-21 08:57:05,5.4033,125.4636,82.87,75,100,14.18,overcast clouds,0,0
585,Reno,US,2022-03-21 08:55:02,39.5296,-119.8138,44.71,49,0,3.0,clear sky,0,0
586,Isla Vista,US,2022-03-21 08:57:06,34.4133,-119.861,54.79,54,44,10.6,scattered clouds,0,0
587,Hobyo,SO,2022-03-21 08:57:06,5.3505,48.5268,83.75,58,3,13.04,clear sky,0,0
588,Vapnyarka,UA,2022-03-21 08:57:07,48.5348,28.7436,45.88,51,0,12.46,clear sky,0,0
589,Tocache,PE,2022-03-21 08:57:07,-8.1842,-76.5125,68.92,100,100,0.47,overcast clouds,0,0
590,Sivas,TR,2022-03-21 08:57:08,39.7916,37.0019,21.83,93,75,8.05,broken clouds,0,0
591,Kurilsk,RU,2022-03-21 08:57:08,45.2333,147.8833,28.6,80,100,13.47,overcast clouds,0,0
592,Camacha,PT,2022-03-21 08:57:09,33.0833,-16.3333,58.42,55,20,9.22,few clouds,0,0
593,Moree,AU,2022-03-21 08:57:09,-29.4667,149.85,82.42,28,0,10.36,clear sky,0,0
594,Batagay-Alyta,RU,2022-03-21 08:57:09,67.8006,130.4114,-13.83,95,6,2.37,clear sky,0,0
595,Mogadishu,SO,2022-03-21 08:57:10,2.0371,45.3438,85.87,74,75,13.8,broken clouds,0,0
596,Santa Isabel Do Rio Negro,BR,2022-03-21 08:57:10,-0.4139,-65.0192,72.25,100,100,0.83,overcast clouds,0,0
597,Lagos,NG,2022-03-21 08:56:29,6.5833,3.75,84.52,61,99,5.53,overcast clouds,0,0
598,Locri,IT,2022-03-21 08:57:11,38.2414,16.2623,47.32,62,19,7.54,few clouds,0,0
599,Paita,PE,2022-03-21 08:57:11,-5.0892,-81.1144,72.48,76,98,13.24,overcast clouds,0,0
600,Ugoofaaru,MV,2022-03-21 08:57:12,5.6667,73.0,83.68,64,4,12.35,clear sky,0,0
601,La Asuncion,VE,2022-03-21 08:55:09,11.0333,-63.8628,74.93,94,100,8.05,overcast clouds,0,0
602,Bobo Dioulasso,BF,2022-03-21 08:55:09,11.1771,-4.2979,82.85,65,0,6.91,clear sky,0,0
603,Tokat,TR,2022-03-21 08:57:12,40.4167,36.5833,23.77,69,100,5.75,overcast clouds,0,0
604,Marquette,US,2022-03-21 08:57:13,46.5333,-87.6335,32.77,81,100,2.93,overcast clouds,0,0
605,Guipavas,FR,2022-03-21 08:57:13,48.4352,-4.3972,53.92,82,0,14.97,clear sky,0,0
606,Ketchikan,US,2022-03-21 08:57:14,55.3422,-131.6461,44.58,93,100,6.91,mist,0,0
607,Marathon,US,2022-03-21 08:57:14,44.9,-89.7668,41.49,76,40,6.91,scattered clouds,0,0
608,Sechelt,CA,2022-03-21 08:57:15,49.4664,-123.7694,45.0,96,100,9.55,overcast clouds,0,0
609,Jati,PK,2022-03-21 08:57:15,24.3539,68.2671,94.75,11,0,15.73,clear sky,0,0
610,Baraki Barak,AF,2022-03-21 08:57:15,33.9675,68.9486,64.9,12,8,0.67,clear sky,0,0
611,Taoudenni,ML,2022-03-21 08:57:16,22.6783,-3.9836,78.13,15,0,16.64,clear sky,0,0
612,Aljezur,PT,2022-03-21 08:57:17,37.3191,-8.8033,58.28,84,61,11.88,broken clouds,0,0
613,Mikhaylovka,RU,2022-03-21 08:57:17,50.06,43.2379,35.78,100,91,9.69,overcast clouds,0,0
614,Scarborough,GB,2022-03-21 08:57:18,54.2797,-0.4044,42.91,83,8,1.99,clear sky,0,0
615,Laibin,CN,2022-03-21 08:57:18,23.7,109.2667,89.8,50,81,17.76,broken clouds,0,0
616,Muros,ES,2022-03-21 08:57:19,42.7762,-9.0603,56.68,88,93,1.95,overcast clouds,0,0
617,Sulya,IN,2022-03-21 08:57:19,12.5667,75.3833,94.21,43,33,9.31,scattered clouds,0,0
618,Lunas,PH,2022-03-21 08:57:19,10.6402,123.7525,86.02,73,100,9.95,light rain,0,0
619,Angoram,PG,2022-03-21 08:57:20,-4.0625,144.0661,78.08,83,81,3.51,broken clouds,0,0
620,Juan Lacaze,UY,2022-03-21 08:57:20,-34.4342,-57.4381,54.12,77,0,15.73,clear sky,0,0
621,Plaster Rock,CA,2022-03-21 08:57:21,46.9065,-67.39,30.72,94,100,7.99,overcast clouds,0,0
622,Nicoya,CR,2022-03-21 08:57:21,10.1483,-85.452,75.94,73,99,10.33,overcast clouds,0,0
623,Asfi,MA,2022-03-21 08:55:11,32.2994,-9.2372,60.01,72,7,6.64,clear sky,0,0
624,Bartlesville,US,2022-03-21 08:57:22,36.7473,-95.9808,57.02,54,63,1.99,broken clouds,0,0
625,Kargil,IN,2022-03-21 08:57:22,34.5667,76.1,31.69,68,5,0.29,clear sky,0,0
626,Knoxville,US,2022-03-21 08:53:43,35.9606,-83.9207,47.48,65,0,1.34,clear sky,0,0
627,Verkhnevilyuysk,RU,2022-03-21 08:57:23,63.4453,120.3167,21.88,94,100,2.66,light snow,0,0
628,Cairns,AU,2022-03-21 08:57:23,-16.9167,145.7667,80.55,69,21,9.22,few clouds,0,0
629,Luwuk,ID,2022-03-21 08:57:24,-0.9516,122.7875,77.65,88,100,2.59,overcast clouds,0,0
630,Lalmohan,BD,2022-03-21 08:57:24,22.3384,90.7419,86.02,49,3,10.76,clear sky,0,0
631,Jos,NG,2022-03-21 08:57:24,9.9167,8.9,74.5,10,84,4.92,broken clouds,0,0
632,Acarau,BR,2022-03-21 08:57:25,-2.8856,-40.12,75.69,90,93,8.5,overcast clouds,0,0
633,Byron Bay,AU,2022-03-21 08:55:41,-28.65,153.6167,73.29,74,0,9.93,clear sky,0,0
634,Gigmoto,PH,2022-03-21 08:57:25,13.7796,124.39,81.45,84,57,9.08,broken clouds,0,0
635,Ligayan,PH,2022-03-21 08:57:26,4.6533,119.4706,79.5,82,99,6.93,overcast clouds,0,0
636,Dabwali,IN,2022-03-21 08:57:26,29.95,74.7333,103.26,6,0,6.98,clear sky,0,0
637,Sao Joao Da Barra,BR,2022-03-21 08:57:27,-21.6403,-41.0511,71.83,93,100,10.89,overcast clouds,0,0
638,Weihe,CN,2022-03-21 08:57:27,32.9952,105.3247,51.12,63,100,5.1,overcast clouds,0,0
639,Yangambi,CD,2022-03-21 08:57:27,0.8102,24.4336,90.79,45,64,3.4,broken clouds,0,0
640,Yulara,AU,2022-03-21 08:57:28,-25.2406,130.9889,98.44,12,0,13.8,clear sky,0,0
641,Macau,MO,2022-03-21 08:55:03,22.2006,113.5461,78.6,94,75,6.91,mist,0,0
642,Tsaratanana,MG,2022-03-21 08:57:28,-16.7833,47.65,79.7,72,79,9.44,broken clouds,0,0
643,Yinchuan,CN,2022-03-21 08:57:29,38.4681,106.2731,54.88,17,100,6.96,overcast clouds,0,0
644,Marion,US,2022-03-21 08:57:29,39.7684,-86.1555,48.2,72,0,0.0,clear sky,0,0
645,Abu Samrah,SY,2022-03-21 08:57:30,35.3029,37.1841,44.08,39,100,14.47,overcast clouds,0,0
646,Chanthaburi,TH,2022-03-21 08:57:30,12.8333,102.1667,81.14,68,94,5.93,moderate rain,0,0
647,Borovoy,RU,2022-03-21 08:57:31,55.4333,86.0833,25.88,68,100,17.9,light shower snow,0,0
648,Kibala,TD,2022-03-21 08:57:31,9.1104,18.3463,91.35,19,0,9.22,clear sky,0,0
649,Bichura,RU,2022-03-21 08:57:31,50.5881,107.6022,30.85,66,2,5.75,clear sky,0,0
650,Were Ilu,ET,2022-03-21 08:57:32,10.6,39.4333,65.53,48,88,2.42,overcast clouds,0,0
651,Sisophon,KH,2022-03-21 08:57:32,13.5859,102.9737,91.44,48,98,6.51,overcast clouds,0,0
652,San Jose,US,2022-03-21 08:53:25,37.3394,-121.895,49.75,78,0,4.61,clear sky,0,0
653,Tiguha,PH,2022-03-21 08:57:33,7.7044,123.2114,77.07,90,100,1.23,overcast clouds,0,0
654,Roma,US,2022-03-21 08:57:34,43.2128,-75.4557,37.09,91,55,5.99,broken clouds,0,0
655,Suba,PH,2022-03-21 08:57:34,10.8438,121.0102,83.14,77,45,9.06,scattered clouds,0,0
656,Medea,DZ,2022-03-21 08:57:34,36.2642,2.7539,51.87,69,31,14.61,scattered clouds,0,0
657,Saint-Donat-De-Montcalm,CA,2022-03-21 08:57:35,46.3187,-74.2219,29.84,91,81,11.63,broken clouds,0,0
658,Saint-Joseph,RE,2022-03-21 08:57:35,-21.3667,55.6167,83.1,85,91,13.09,light rain,0,0
659,Beira,MZ,2022-03-21 08:57:36,-19.8436,34.8389,77.43,68,14,11.39,few clouds,0,0
660,Toccoa,US,2022-03-21 08:57:36,34.5773,-83.3324,44.24,69,0,0.0,clear sky,0,0
661,Camopi,GF,2022-03-21 08:57:36,3.1655,-52.3158,71.28,100,100,1.39,overcast clouds,0,0
662,Misratah,LY,2022-03-21 08:57:37,32.3754,15.0925,57.25,51,40,16.26,scattered clouds,0,0
663,Wasilla,US,2022-03-21 08:57:37,61.5814,-149.4394,29.48,82,56,1.83,broken clouds,0,0
664,Thabazimbi,ZA,2022-03-21 08:56:00,-24.5917,27.4116,74.21,35,76,2.93,broken clouds,0,0
665,Melito Di Porto Salvo,IT,2022-03-21 08:57:38,37.9222,15.7714,56.53,62,17,4.61,few clouds,0,0
666,Llangefni,GB,2022-03-21 08:57:38,53.2556,-4.3106,49.12,71,0,4.61,clear sky,0,0
667,Mwinilunga,ZM,2022-03-21 08:57:39,-11.7358,24.4293,76.35,63,35,6.13,scattered clouds,0,0
668,Najran,SA,2022-03-21 08:57:39,17.4924,44.1277,70.45,20,8,9.89,clear sky,0,0
669,Buin,CL,2022-03-21 08:57:39,-33.7333,-70.75,61.74,43,92,3.24,overcast clouds,0,0
670,Malanje,AO,2022-03-21 08:54:17,-9.5402,16.341,73.44,80,100,2.98,light rain,0,0
671,Hinton,CA,2022-03-21 08:57:40,53.4001,-117.5857,24.71,85,99,4.88,overcast clouds,0,0
672,Salinas,US,2022-03-21 08:54:08,36.6777,-121.6555,49.84,76,78,1.92,broken clouds,0,0
673,Grong,NO,2022-03-21 08:57:41,64.4654,12.3149,33.08,84,2,3.29,clear sky,0,0
674,Sept-Iles,CA,2022-03-21 08:57:41,50.2001,-66.3821,28.06,93,100,4.61,overcast clouds,0,0
675,Khandyga,RU,2022-03-21 08:57:41,62.6667,135.6,3.54,97,98,2.1,overcast clouds,0,0
676,Sa Kaeo,TH,2022-03-21 08:57:42,13.75,102.3333,85.37,64,94,10.65,moderate rain,0,0
677,Novo Aripuana,BR,2022-03-21 08:57:42,-5.1206,-60.3797,72.64,99,100,0.98,overcast clouds,0,0
678,Stawell,AU,2022-03-21 08:57:43,-37.05,142.7667,72.54,41,57,9.73,broken clouds,0,0
679,South Venice,US,2022-03-21 08:57:43,27.0531,-82.4243,63.99,81,75,13.8,broken clouds,0,0
680,Pryazha,RU,2022-03-21 08:57:43,61.6926,33.6216,42.03,100,34,4.29,scattered clouds,0,0
681,Champerico,GT,2022-03-21 08:57:44,14.3,-91.9167,78.51,71,0,5.57,clear sky,0,0
682,Tonj,SS,2022-03-21 08:57:44,7.2737,28.6822,100.9,13,9,9.73,clear sky,0,0
